{"acc": 0.7795127543075868, "loss": 0.2284680108222769, "_timestamp": 1678078371.2182965, "_runtime": 1.3082225322723389, "_step": 7, "_wandb": {"runtime": 0}}