{"acc": 0.8356270242249346, "loss": 0.2258966643494145, "_timestamp": 1678078301.071088, "_runtime": 1.3502840995788574, "_step": 7, "_wandb": {"runtime": 0}}