{"loss": 0.09237262606620789, "_timestamp": 1678038930.861433, "_runtime": 898.2067160606384, "_step": 498, "_wandb": {"runtime": 920}}