{"loss": 0.1053779199719429, "_timestamp": 1678039931.116824, "_runtime": 830.0371878147125, "_step": 498, "_wandb": {"runtime": 849}}