{"Train_loss": 0.08880897228440601, "Test_loss": 0.09537083947549707, "Test IOU": 0.43820224719101125, "_timestamp": 1678083828.2607136, "_runtime": 1875.2480716705322, "_step": 1, "_wandb": {"runtime": 1874}}