{"acc": 0.8595128257968926, "loss": 0.18118451220111823, "_timestamp": 1678035583.332559, "_runtime": 1.4542322158813477, "_step": 7, "_wandb": {"runtime": 0}}