{"acc": 0.8196686429163587, "loss": 0.14944231884068515, "_timestamp": 1678078636.3836915, "_runtime": 1.2991695404052734, "_step": 7, "_wandb": {"runtime": 0}}